,Rk,Player,Tm,2021-22,2022-23,2023-24,2024-25,2025-26,2026-27,Signed Using,Guaranteed
0,1,Stephen Curry,GSW,"$45,780,966","$48,070,014","$51,915,615","$55,761,216","$59,606,817",,Bird Rights,"$261,134,628"
1,2,John Wall,HOU,"$44,310,840","$47,366,760",,,,,Bird Rights,"$44,310,840"
2,3,Russell Westbrook,LAL,"$44,211,146","$47,063,478",,,,,Bird Rights,"$44,211,146"
3,4,James Harden,PHI,"$43,848,000","$46,872,000",,,,,Bird Rights,"$43,848,000"
4,5,LeBron James,LAL,"$41,180,544","$44,474,988",,,,,Bird,"$85,655,532"
5,6,Kevin Durant,BRK,"$40,918,900","$42,969,845","$42,969,845","$49,856,021","$53,282,609",,Sign and Trade,"$229,997,220"
6,7,Giannis Antetokounmpo,MIL,"$39,344,970","$42,492,568","$45,640,165","$48,787,763","$51,935,360",,Bird,"$176,265,466"
7,8,Paul George,LAC,"$39,344,970","$42,492,568","$45,640,165","$48,787,763",,,Bird,"$127,477,703"
8,9,Damian Lillard,POR,"$39,344,900","$42,492,492","$45,640,084","$48,787,676",,,1st Round Pick,"$176,265,152"
9,10,Kawhi Leonard,LAC,"$39,344,900","$42,492,492","$45,640,084","$48,787,676",,,Early Bird,"$127,477,476"
10,11,Klay Thompson,GSW,"$37,980,720","$40,600,080","$43,219,440",,,,Bird Rights,"$121,800,240"
11,12,Jimmy Butler,MIA,"$36,016,200","$37,653,300","$45,183,960","$48,798,677","$52,413,394",,Sign and Trade,"$167,652,137"
12,13,Tobias Harris,PHI,"$36,000,000","$38,482,759","$40,965,517",,,,Bird Rights,"$115,448,276"
13,14,Khris Middleton,MIL,"$35,500,000","$37,948,276","$40,396,552",,,,Bird Rights,"$73,448,276"
14,15,Anthony Davis,LAL,"$35,361,360","$37,980,720","$40,600,080","$43,219,440",,,Bird,"$113,942,160"
15,16,Rudy Gobert,UTA,"$35,344,828","$38,172,414","$41,000,000","$43,827,587","$46,655,173",,Bird,"$158,344,829"
16,17,Kyrie Irving,BRK,"$34,916,200","$36,503,300",,,,,Cap space,"$34,916,200"
17,18,Bradley Beal,WAS,"$34,502,130","$37,262,300",,,,,Cap Space,"$34,502,130"
18,19,Kristaps Porziņģis,WAS,"$31,650,600","$33,833,400","$36,016,200",,,,Bird Rights,"$65,484,000"
19,20,Devin Booker,PHO,"$31,610,000","$33,790,000","$35,970,000",,,,1st round pick,"$101,370,000"
20,,,,Salary,Salary,Salary,Salary,Salary,Salary,,
21,Rk,Player,Tm,2021-22,2022-23,2023-24,2024-25,2025-26,2026-27,Signed Using,Guaranteed
22,21,Karl-Anthony Towns,MIN,"$31,610,000","$33,790,000","$35,970,000",,,,1st Round Pick,"$101,370,000"
23,22,Jamal Murray,DEN,"$31,590,000","$33,930,000","$36,270,000","$38,610,000",,,1st Round pick,"$140,400,000"
24,23,Ben Simmons,BRK,"$31,590,000","$33,930,000","$36,270,000","$38,610,000",,,1st Round pick,"$140,400,000"
25,24,Joel Embiid,PHI,"$31,579,390","$33,616,770","$43,732,500","$47,231,100","$50,729,700","$54,228,300",1st Round Pick,"$206,889,460"
26,25,Andrew Wiggins,GSW,"$31,579,390","$33,616,770",,,,,1st Round Pick,"$65,196,160"
27,26,Pascal Siakam,TOR,"$31,320,000","$33,640,000","$35,960,000",,,,1st Round pick,"$100,920,000"
28,27,Kevin Love,CLE,"$31,300,000","$28,900,000",,,,,Bird Rights,"$60,200,000"
29,28,CJ McCollum,NOP,"$30,864,198","$33,333,333","$35,802,469",,,,1st Round Pick,"$100,000,000"
30,29,Chris Paul,PHO,"$30,800,000","$28,400,000","$30,800,000","$30,000,000",,,Bird,"$75,000,000"
31,30,Nikola Jokić,DEN,"$30,510,423","$32,478,837",,,,,Bird Rights,"$62,989,260"
32,31,Jrue Holiday,MIL,"$30,133,333","$32,393,333","$34,653,333","$36,913,333",,,Bird,"$97,179,999"
33,32,D'Angelo Russell,MIN,"$30,013,500","$31,377,750",,,,,Sign and Trade,"$61,391,250"
34,33,Gordon Hayward,CHO,"$29,900,000","$30,100,000","$31,500,000",,,,Sign and Trade,"$91,500,000"
35,34,Blake Griffin,DET,"$32,405,817",,,,,,,"$29,764,126"
36,35,Brandon Ingram,NOP,"$29,467,800","$31,650,600","$33,833,400","$36,016,200",,,Bird,"$130,968,000"
37,36,De'Aaron Fox,SAC,"$28,103,550","$30,351,834","$32,600,118","$34,848,402","$37,096,686",,Bird,"$163,000,590"
38,37,Bam Adebayo,MIA,"$28,103,550","$30,351,834","$32,600,118","$34,848,402","$37,096,686",,Bird,"$163,000,590"
39,38,Donovan Mitchell,UTA,"$28,103,550","$30,351,834","$32,600,118","$34,848,402","$37,096,686",,Bird,"$125,903,904"
40,39,Jayson Tatum,BOS,"$28,103,550","$30,351,834","$32,600,118","$34,848,402","$37,096,686",,Bird,"$125,903,904"
41,40,Al Horford,BOS,"$27,000,000","$26,500,000",,,,,Cap Space,"$41,500,000"
42,,,,Salary,Salary,Salary,Salary,Salary,Salary,,
43,Rk,Player,Tm,2021-22,2022-23,2023-24,2024-25,2025-26,2026-27,Signed Using,Guaranteed
44,41,Kyle Lowry,MIA,"$26,984,128","$28,333,334","$29,682,540",,,,Bird,"$85,000,002"
45,42,Kemba Walker,OKC,"$34,967,442","$36,596,549",,,,,,"$53,669,500"
46,43,DeMar DeRozan,CHI,"$26,000,000","$27,300,000","$28,600,000",,,,Sign and Trade,"$81,900,000"
47,44,Jaylen Brown,BOS,"$24,830,357","$26,669,643","$28,508,929",,,,1st Round pick,"$80,008,929"
48,45,Draymond Green,GSW,"$24,026,712","$25,806,469","$27,586,225",,,,Bird Rights,"$49,833,181"
49,46,Nikola Vučević,CHI,"$24,000,000","$22,000,000",,,,,Bird Rights,"$46,000,000"
50,47,John Collins,ATL,"$23,000,000","$23,500,000","$25,340,000","$26,580,000","$26,580,000",,Bird,"$125,000,000"
51,48,Buddy Hield,IND,"$22,477,273","$20,522,727","$18,568,182",,,,1st Round pick,"$61,568,182"
52,49,Malcolm Brogdon,IND,"$21,700,000","$22,600,000","$21,634,615","$23,365,385",,,Sign and Trade,"$89,300,000"
53,50,Tim Hardaway Jr.,DAL,"$21,306,816","$19,602,273","$17,897,728","$16,193,183",,,Bird,"$75,000,000"
54,51,Mike Conley,UTA,"$21,000,000","$22,680,000","$24,360,000",,,,Bird,"$58,000,000"
55,52,Gary Harris,ORL,"$20,482,143",,,,,,1st Round Pick,"$20,482,143"
56,53,Danilo Gallinari,ATL,"$20,475,000","$21,450,000",,,,,Sign and Trade,"$25,475,000"
57,54,Harrison Barnes,SAC,"$20,284,091","$18,352,273",,,,,Bird Rights,"$38,636,364"
58,55,Jarrett Allen,CLE,"$20,000,000","$20,000,000","$20,000,000","$20,000,000","$20,000,000",,Bird,"$100,000,000"
59,56,Jerami Grant,DET,"$20,000,000","$20,952,381",,,,,Sign and Trade,"$40,952,381"
60,57,Julius Randle,NYK,"$19,800,000","$23,760,000","$25,660,800","$27,561,600","$29,462,400",,Cap Space,"$96,782,400"
61,58,Fred VanVleet,TOR,"$19,675,926","$21,250,000","$22,824,074",,,,Bird,"$40,925,926"
62,59,Zach LaVine,CHI,"$19,500,000",,,,,,Cap space,"$19,500,000"
63,60,Goran Dragić,SAS,"$20,168,742",,,,,,,"$19,440,000"
64,,,,Salary,Salary,Salary,Salary,Salary,Salary,,
65,Rk,Player,Tm,2021-22,2022-23,2023-24,2024-25,2025-26,2026-27,Signed Using,Guaranteed
66,61,Bojan Bogdanović,UTA,"$18,700,000","$19,550,000",,,,,Cap Space,"$38,250,000"
67,62,Lonzo Ball,CHI,"$18,604,651","$19,534,884","$20,465,117","$21,395,348",,,Sign and Trade,"$58,604,652"
68,63,Domantas Sabonis,SAC,"$18,562,500","$19,937,500","$21,312,500",,,,1st Round pick,"$59,812,500"
69,64,Eric Gordon,HOU,"$18,218,818","$19,568,360","$20,917,902",,,,Cap Space,"$37,787,178"
70,65,Evan Fournier,NYK,"$18,139,535","$19,046,512","$19,953,488","$20,860,465",,,Sign and Trade,"$57,139,535"
71,66,Eric Bledsoe,POR,"$18,125,000","$19,375,000",,,,,Bird Rights,"$22,025,000"
72,67,Myles Turner,IND,"$18,000,000","$18,000,000",,,,,1st Round pick,"$36,000,000"
73,68,Bogdan Bogdanović,ATL,"$18,000,000","$18,000,000","$18,000,000",,,,Cap Space,"$36,000,000"
74,69,Terry Rozier,CHO,"$17,905,263","$21,486,316","$23,205,221","$24,924,126","$26,643,031",,Sign and Trade,"$114,163,957"
75,70,Ricky Rubio,IND,"$17,809,524",,,,,,Cap Space,"$17,809,524"
76,71,Caris LeVert,CLE,"$17,500,000","$18,796,296",,,,,1st Round pick,"$36,296,296"
77,72,Jonathan Isaac,ORL,"$17,400,000","$17,400,000","$17,400,000","$17,400,000",,,Bird,"$69,600,000"
78,73,Joe Harris,BRK,"$17,357,143","$18,642,857","$19,928,571",,,,Bird,"$55,928,571"
79,74,Spencer Dinwiddie,DAL,"$17,142,857","$18,000,000","$18,857,143",,,,Sign and Trade,"$45,142,857"
80,75,Clint Capela,ATL,"$17,103,448","$18,206,897","$20,616,000","$22,265,280",,,Bird Rights,"$78,191,625"
81,76,Steven Adams,MEM,"$17,073,171","$17,926,829",,,,,1st Round Pick,"$35,000,000"
82,77,Markelle Fultz,ORL,"$16,500,000","$16,500,000","$17,000,000",,,,Bird,"$35,000,000"
83,78,Aaron Gordon,DEN,"$16,409,091","$19,690,909","$21,266,182","$22,841,455","$22,841,455",,Bird Rights,"$80,207,637"
84,79,OG Anunoby,TOR,"$16,071,429","$17,357,143","$18,642,857","$19,928,571",,,Bird,"$52,071,429"
85,80,Dāvis Bertāns,DAL,"$16,000,000","$16,000,000","$17,000,000","$16,000,000",,,Bird,"$60,000,000"
86,,,,Salary,Salary,Salary,Salary,Salary,Salary,,
87,Rk,Player,Tm,2021-22,2022-23,2023-24,2024-25,2025-26,2026-27,Signed Using,Guaranteed
88,81,Gary Trent Jr.,TOR,"$16,000,000","$17,280,000","$18,560,000",,,,Bird,"$33,280,000"
89,82,Lauri Markkanen,CLE,"$15,690,909","$16,475,454","$17,259,999","$18,044,544",,,Sign and Trade,"$55,426,362"
90,83,Marcus Morris,LAC,"$15,627,907","$16,372,093","$17,116,279",,,,Non Bird,"$49,116,279"
91,84,Duncan Robinson,MIA,"$15,560,000","$16,902,000","$18,154,000","$19,406,000","$19,888,000",,Bird,"$79,910,000"
92,85,Norman Powell,LAC,"$15,517,242","$16,758,621","$18,000,000","$19,241,379","$20,482,758",,Bird,"$90,000,000"
93,86,Dejounte Murray,SAS,"$15,428,571","$16,571,429","$17,714,286",,,,1st Round pick,"$49,714,286"
94,87,Will Barton,DEN,"$15,384,615","$16,615,385",,,,,Bird,"$32,000,000"
95,88,Derrick White,BOS,"$15,178,571","$16,392,857","$17,607,143","$18,821,429",,,Bird,"$68,000,000"
96,89,Taurean Prince,MIN,"$15,057,692",,,,,,1st Round pick,"$15,057,692"
97,90,Malik Beasley,MIN,"$14,391,964","$15,458,035","$16,524,106",,,,Bird,"$29,849,999"
98,91,Marcus Smart,BOS,"$14,339,285","$16,607,142","$18,583,713","$19,960,285","$21,336,856",,Bird Rights,"$90,827,281"
99,92,Patrick Beverley,MIN,"$14,320,988","$13,000,000",,,,,Bird Rights,"$27,320,988"
100,93,Thaddeus Young,TOR,"$14,190,000",,,,,,Cap space,"$14,190,000"
101,94,Jonas Valančiūnas,NOP,"$14,000,000","$14,700,000","$15,435,000",,,,Bird Rights,"$44,135,000"
102,95,Joe Ingles,POR,"$14,000,000",,,,,,Bird Rights,"$14,000,000"
103,96,Doug McDermott,SAS,"$13,750,000","$13,750,000","$13,750,000",,,,Sign and Trade,"$41,250,000"
104,97,Christian Wood,HOU,"$13,666,667","$14,317,459",,,,,Sign and Trade,"$27,984,126"
105,98,Derrick Rose,NYK,"$13,445,120","$14,520,730","$15,596,339",,,,Early Bird,"$27,965,850"
106,99,Brook Lopez,MIL,"$13,302,325","$13,906,976",,,,,Cap Space,"$27,209,301"
107,100,Kentavious Caldwell-Pope,WAS,"$13,038,862","$14,004,703",,,,,Early Bird,"$17,926,980"
108,,,,Salary,Salary,Salary,Salary,Salary,Salary,,
109,Rk,Player,Tm,2021-22,2022-23,2023-24,2024-25,2025-26,2026-27,Signed Using,Guaranteed
110,101,Kyle Kuzma,WAS,"$13,000,000","$13,000,000","$13,000,000",,,,Bird,"$26,000,000"
111,102,Robert Covington,LAC,"$12,975,471",,,,,,Cap Space,"$12,975,471"
112,103,Luke Kennard,LAC,"$12,727,273","$13,745,455","$14,763,636","$14,763,636",,,Bird,"$41,236,364"
113,104,T.J. Warren,IND,"$12,690,000",,,,,,1st Round Pick,"$12,690,000"
114,105,Deandre Ayton,PHO,"$12,632,950",,,,,,1st Round Pick,"$12,632,950"
115,106,Terrence Ross,ORL,"$12,500,000","$11,500,000",,,,,Bird Rights,"$24,000,000"
116,107,Jordan Clarkson,UTA,"$12,420,000","$13,340,000","$14,260,000",,,,Bird,"$25,760,000"
117,108,Dillon Brooks,MEM,"$12,200,000","$11,400,000",,,,,MLE,"$23,600,000"
118,109,Kelly Olynyk,DET,"$12,195,122","$12,804,878","$12,195,122",,,,Cap Space,"$28,000,000"
119,110,Kelly Oubre Jr.,CHO,"$12,000,000","$12,600,000",,,,,Cap Space,"$17,000,000"
120,111,Josh Hart,POR,"$12,000,000","$12,960,000","$12,960,000",,,,Bird,"$12,000,000"
121,112,Jusuf Nurkić,POR,"$12,000,000",,,,,,Bird Rights,"$4,000,000"
122,113,Josh Richardson,SAS,"$11,615,328","$12,196,094",,,,,Minimum Salary,"$23,811,422"
123,114,Marvin Bagley III,DET,"$11,312,114",,,,,,1st Round Pick,"$11,312,114"
124,115,Devonte' Graham,NOP,"$11,000,000","$11,550,000","$12,100,000","$12,650,000",,,Sign and Trade,"$37,500,000"
125,116,Dwight Powell,DAL,"$11,000,000","$11,814,815",,,,,Cap Space,"$22,814,815"
126,117,Zion Williamson,NOP,"$10,733,400","$13,534,817",,,,,1st Round Pick,"$10,733,400"
127,118,Larry Nance Jr.,NOP,"$10,690,909","$9,672,727",,,,,1st Round pick,"$20,363,636"
128,119,Jeremy Lamb,SAC,"$10,500,000",,,,,,Cap Space,"$10,500,000"
129,120,Richaun Holmes,SAC,"$10,384,500","$11,215,260","$12,046,020","$12,876,780",,,Early Bird,"$33,645,780"
130,,,,Salary,Salary,Salary,Salary,Salary,Salary,,
131,Rk,Player,Tm,2021-22,2022-23,2023-24,2024-25,2025-26,2026-27,Signed Using,Guaranteed
132,121,Reggie Jackson,LAC,"$10,384,500","$11,215,260",,,,,Early Bird,"$21,599,760"
133,122,Anthony Edwards,MIN,"$10,245,480","$10,733,400","$13,534,817",,,,1st Round Pick,"$20,978,880"
134,123,Luka Dončić,DAL,"$10,174,391","$35,700,000","$38,556,000","$41,412,000","$44,268,000","$47,124,000",1st Round Pick,"$217,234,391"
135,124,Cade Cunningham,DET,"$10,050,120","$10,552,800","$11,055,240","$13,940,658",,,1st Round Pick,"$20,602,920"
136,125,Tomáš Satoranský,SAS,"$10,468,119",,,,,,,"$10,000,000"
137,126,Danny Green,PHI,"$10,000,000","$10,000,000",,,,,Early Bird,"$10,000,000"
138,127,Kyle Anderson,MEM,"$9,937,150",,,,,,MLE,"$9,937,150"
139,128,Serge Ibaka,MIL,"$9,742,000",,,,,,MLE,"$9,742,000"
140,129,Jae Crowder,PHO,"$9,720,900","$10,183,800",,,,,MLE,"$19,904,700"
141,130,Derrick Favors,OKC,"$9,720,900","$10,183,800",,,,,MLE,"$9,720,900"
142,131,Tristan Thompson,IND,"$10,720,900",,,,,,,"$9,720,900"
143,132,Montrezl Harrell,CHO,"$9,720,900",,,,,,MLE,"$9,720,900"
144,133,Derrick Jones Jr.,CHI,"$9,720,900",,,,,,MLE,"$9,720,900"
145,134,Ja Morant,MEM,"$9,603,360","$12,119,440",,,,,1st Round Pick,"$21,722,800"
146,135,Reggie Bullock,DAL,"$9,536,000","$10,012,800","$10,489,600",,,,MLE,"$25,000,000"
147,136,Alec Burks,NYK,"$9,536,000","$10,012,800","$10,489,600",,,,Cap Space,"$19,548,800"
148,137,Talen Horton-Tucker,LAL,"$9,500,000","$10,260,000","$11,020,000",,,,Early Bird,"$19,760,000"
149,138,Jaren Jackson Jr.,MEM,"$9,180,560","$23,437,500","$25,312,500","$27,187,500","$29,062,500",,1st Round Pick,"$114,180,560"
150,139,James Wiseman,GSW,"$9,166,800","$9,603,360","$12,119,440",,,,1st Round Pick,"$18,770,160"
151,140,Nicolas Batum,CHO,"$12,213,507","$12,372,008",,,,,,"$18,086,956"
152,,,,Salary,Salary,Salary,Salary,Salary,Salary,,
153,Rk,Player,Tm,2021-22,2022-23,2023-24,2024-25,2025-26,2026-27,Signed Using,Guaranteed
154,141,Dario Šarić,PHO,"$9,000,000","$9,666,667",,,,,Bird,"$18,666,667"
155,142,Jalen Green,HOU,"$8,992,200","$9,441,720","$9,891,600","$12,483,199",,,1st Round Pick,"$18,433,920"
156,143,Nerlens Noel,NYK,"$8,800,000","$9,240,000","$9,680,000",,,,Cap Space,"$18,040,000"
157,144,Jakob Poeltl,SAS,"$8,750,000","$9,398,148",,,,,Bird,"$18,148,148"
158,145,Maxi Kleber,DAL,"$8,750,000","$9,000,000",,,,,Early Bird Rights,"$8,750,000"
159,146,Thomas Bryant,WAS,"$8,730,159",,,,,,Early Bird Rights,"$8,730,159"
160,147,Kemba Walker,NYK,"$34,967,442","$36,596,549",,,,,Cap Space,"$17,894,491"
161,148,Royce O'Neale,UTA,"$8,678,571","$9,321,429","$9,964,286",,,,Cap space,"$27,964,286"
162,149,RJ Barrett,NYK,"$8,623,920","$10,900,635",,,,,1st Round Pick,"$19,524,555"
163,150,Alex Caruso,CHI,"$8,604,651","$9,034,884","$9,465,116","$9,895,349",,,MLE,"$37,000,000"
164,151,Delon Wright,ATL,"$8,526,316",,,,,,Sign and Trade,"$8,526,316"
165,152,De'Anthony Melton,MEM,"$8,437,500","$9,062,500","$9,687,500",,,,Early Bird,"$27,187,500"
166,153,Daniel Theis,BOS,"$8,372,093","$8,790,698","$9,209,302","$9,627,907",,,Sign and Trade,"$36,000,000"
167,154,Monte Morris,DEN,"$8,333,333","$9,000,000","$9,666,667",,,,Bird,"$27,000,000"
168,155,Trae Young,ATL,"$8,326,471","$29,750,000","$32,130,000","$34,510,000","$36,890,000","$39,270,000",1st Round Pick,"$180,876,471"
169,156,JaMychal Green,DEN,"$8,292,683","$8,707,317",,,,,Non Bird,"$17,000,000"
170,157,LaMelo Ball,CHO,"$8,231,760","$8,623,920","$10,900,635",,,,1st Round Pick,"$16,855,680"
171,158,Seth Curry,BRK,"$8,186,047","$8,558,140",,,,,MLE,"$16,744,187"
172,159,Mason Plumlee,CHO,"$8,137,500","$8,525,000",,,,,Cap space,"$16,662,500"
173,160,Evan Mobley,CLE,"$8,075,160","$8,478,720","$8,882,760","$11,227,809",,,1st Round Pick,"$16,553,880"
174,,,,Salary,Salary,Salary,Salary,Salary,Salary,,
175,Rk,Player,Tm,2021-22,2022-23,2023-24,2024-25,2025-26,2026-27,Signed Using,Guaranteed
176,161,Cedi Osman,CLE,"$8,050,000","$7,350,000","$6,650,000",,,,MLE,"$15,400,000"
177,162,DeAndre Jordan,DET,"$11,109,327","$7,827,907",,,,,,"$15,703,440"
178,163,De'Andre Hunter,ATL,"$7,775,400","$9,835,881",,,,,1st Round Pick,"$17,611,281"
179,164,Mo Bamba,ORL,"$7,568,742",,,,,,1st Round Pick,"$7,568,742"
180,165,Tyus Jones,MEM,"$7,522,200",,,,,,MLE,"$7,522,200"
181,166,Ivica Zubac,LAC,"$7,518,518","$7,518,518",,,,,Bird Rights,"$7,518,518"
182,167,T.J. McConnell,IND,"$7,500,000","$8,100,000","$8,700,000","$9,300,000",,,Early Bird,"$29,300,000"
183,168,Patrick Williams,CHI,"$7,422,000","$7,775,400","$9,835,881",,,,1st Round Pick,"$15,197,400"
184,169,Scottie Barnes,TOR,"$7,280,520","$7,644,720","$8,008,560","$10,130,828",,,1st Round Pick,"$14,925,240"
185,170,Darius Garland,CLE,"$7,040,880","$8,920,795",,,,,1st Round Pick,"$15,961,675"
186,171,Chris Boucher,TOR,"$7,009,615",,,,,,Early Bird,"$7,009,615"
187,172,D.J. Augustin,HOU,"$7,622,467","$333,333",,,,,,"$7,333,333"
188,173,P.J. Tucker,MIA,"$7,000,000","$7,350,000",,,,,MLE,"$7,000,000"
189,174,Zach Collins,SAS,"$6,984,127","$7,333,333","$7,682,540",,,,Cap Space,"$22,000,000"
190,175,Wendell Carter Jr.,ORL,"$6,920,027","$14,150,000","$13,050,000","$11,950,000","$10,850,000",,1st Round Pick,"$50,000,000"
191,176,Isaac Okoro,CLE,"$6,720,720","$7,040,880","$8,920,795",,,,1st Round Pick,"$13,761,600"
192,177,Jalen Suggs,ORL,"$6,593,040","$6,922,440","$7,252,200","$9,188,537",,,1st Round Pick,"$13,515,480"
193,178,Cameron Payne,PHO,"$6,500,000","$6,000,000","$6,500,000",,,,Early Bird,"$14,500,000"
194,179,Joakim Noah,NYK,"$6,431,666",,,,,,,"$6,431,666"
195,180,Jarrett Culver,MEM,"$6,395,160","$8,109,063",,,,,1st Round Pick,"$6,395,160"
196,,,,Salary,Salary,Salary,Salary,Salary,Salary,,
197,Rk,Player,Tm,2021-22,2022-23,2023-24,2024-25,2025-26,2026-27,Signed Using,Guaranteed
198,181,Khem Birch,TOR,"$6,350,000","$6,667,750","$6,985,000",,,,MLE,"$20,002,750"
199,182,Collin Sexton,CLE,"$6,349,671",,,,,,1st Round Pick,"$6,349,671"
200,183,Juancho Hernangómez,UTA,"$6,175,440","$6,632,880",,,,,Bird,"$6,175,440"
201,184,Onyeka Okongwu,ATL,"$6,104,280","$6,395,160","$8,109,063",,,,1st Round Pick,"$12,499,440"
202,185,Justin Holiday,SAC,"$6,006,420","$6,292,440",,,,,Non Bird,"$12,298,860"
203,186,Josh Giddey,OKC,"$5,988,000","$6,287,400","$6,587,040","$8,352,367",,,1st Round Pick,"$12,275,400"
204,187,Rudy Gay,UTA,"$5,890,000","$6,184,500","$6,479,000",,,,Mini MLE,"$12,074,500"
205,188,Dennis Schröder,HOU,"$5,890,000",,,,,,Mini MLE,"$5,890,000"
206,189,Patty Mills,BRK,"$5,890,000","$6,184,500",,,,,Mini MLE,"$5,890,000"
207,190,Kevin Knox,ATL,"$5,845,978",,,,,,1st Round Pick,"$5,845,978"
208,191,Coby White,CHI,"$5,837,760","$7,413,955",,,,,1st Round Pick,"$5,837,760"
209,192,Timofey Mozgov,ORL,"$5,573,334",,,,,,,"$5,573,334"
210,193,Killian Hayes,DET,"$5,572,680","$5,837,760","$7,413,955",,,,1st Round Pick,"$11,410,440"
211,194,Mikal Bridges,PHO,"$5,557,725","$20,089,286","$21,696,429","$23,303,571","$24,910,714",,1st Round Pick,"$95,557,725"
212,195,Shai Gilgeous-Alexander,OKC,"$5,495,532","$29,750,000","$32,130,000","$34,510,000","$36,890,000","$39,270,000",1st Round Pick,"$178,045,532"
213,196,Jonathan Kuminga,GSW,"$5,466,360","$5,739,960","$6,012,720","$7,636,154",,,1st Round Pick,"$11,206,320"
214,197,Miles Bridges,CHO,"$5,421,493",,,,,,1st Round Pick,"$5,421,493"
215,198,Jaxson Hayes,NOP,"$5,348,280","$6,803,012",,,,,1st Round Pick,"$12,151,292"
216,199,Pat Connaughton,MIL,"$5,333,333","$5,728,395",,,,,Early Bird,"$5,333,333"
217,200,Michael Porter Jr.,DEN,"$5,258,735","$29,750,000","$32,130,000","$34,510,000","$36,890,000","$39,270,000",1st Round Pick,"$150,538,735"
218,,,,Salary,Salary,Salary,Salary,Salary,Salary,,
219,Rk,Player,Tm,2021-22,2022-23,2023-24,2024-25,2025-26,2026-27,Signed Using,Guaranteed
220,201,Ryan Anderson,MIA,"$5,214,584",,,,,,,"$5,214,584"
221,202,Hamidou Diallo,DET,"$5,200,000","$5,200,000",,,,,Bird,"$5,200,000"
222,203,Kevon Looney,GSW,"$5,178,572",,,,,,Bird Rights,"$5,178,572"
223,204,Troy Brown Jr.,CHI,"$5,170,564",,,,,,1st Round Pick,"$5,170,564"
224,205,Obi Toppin,NYK,"$5,105,160","$5,348,280","$6,803,012",,,,1st Round Pick,"$10,453,440"
225,206,Franz Wagner,ORL,"$5,007,840","$5,258,280","$5,508,720","$7,007,092",,,1st Round Pick,"$10,266,120"
226,207,Josh Jackson,SAC,"$5,005,350",,,,,,Room Exception,"$5,005,350"
227,208,JaVale McGee,PHO,"$5,000,000",,,,,,MLE,"$5,000,000"
228,209,Robin Lopez,ORL,"$5,000,000",,,,,,MLE,"$5,000,000"
229,210,Kendrick Nunn,LAL,"$5,000,000","$5,250,000",,,,,Mini MLE,"$5,000,000"
230,211,Lou Williams,ATL,"$5,000,000",,,,,,Bird,"$5,000,000"
231,212,Luol Deng,LAL,"$4,990,000",,,,,,,"$4,990,000"
232,213,Rui Hachimura,WAS,"$4,916,160","$6,263,188",,,,,1st Round Pick,"$11,179,348"
233,214,Garrett Temple,NOP,"$4,910,000","$5,155,500","$5,401,000",,,,Sign and Trade,"$10,065,500"
234,215,Cory Joseph,DET,"$7,310,000","$5,155,000",,,,,Room Exception,"$7,310,000"
235,216,Taj Gibson,NYK,"$4,910,000","$5,155,500",,,,,Room Exception,"$4,910,000"
236,217,Torrey Craig,PHO,"$4,878,049","$5,121,951",,,,,MLE,"$10,000,000"
237,218,Rajon Rondo,MEM,"$2,641,691",,,,,,,"$4,858,309"
238,219,Bruce Brown,BRK,"$4,736,102",,,,,,,"$4,736,102"
239,220,Deni Avdija,WAS,"$4,692,840","$4,916,160","$6,263,188",,,,1st Round Pick,"$9,609,000"
240,,,,Salary,Salary,Salary,Salary,Salary,Salary,,
241,Rk,Player,Tm,2021-22,2022-23,2023-24,2024-25,2025-26,2026-27,Signed Using,Guaranteed
242,221,Donte DiVincenzo,SAC,"$4,675,830",,,,,,1st Round Pick,"$4,675,830"
243,222,Cam Reddish,NYK,"$4,670,160","$5,954,454",,,,,1st Round Pick,"$10,624,614"
244,223,David Nwaba,HOU,"$4,650,000","$5,022,000","$5,394,000",,,,Early Bird,"$9,672,000"
245,224,Furkan Korkmaz,PHI,"$4,629,630","$5,000,000","$5,370,370",,,,Bird,"$15,000,000"
246,225,Davion Mitchell,SAC,"$4,603,320","$4,833,600","$5,063,760","$6,451,230",,,1st Round Pick,"$9,436,920"
247,226,Ish Smith,WAS,"$4,500,000","$4,725,000",,,,,Room Exception,"$4,500,000"
248,227,Jeff Green,DEN,"$4,500,000","$4,500,000",,,,,MLE,"$4,500,000"
249,228,Jalen Smith,IND,"$4,458,000","$4,670,160","$5,954,454",,,,1st Round Pick,"$4,458,000"
250,229,Lonnie Walker IV,SAS,"$4,447,896",,,,,,1st Round Pick,"$4,447,896"
251,230,Cameron Johnson,PHO,"$4,437,000","$5,887,899",,,,,1st Round Pick,"$10,324,899"
252,231,Ziaire Williams,MEM,"$4,373,160","$4,591,920","$4,810,200","$6,133,005",,,1st Round Pick,"$8,965,080"
253,232,Maurice Harkless,SAC,"$4,347,600","$4,564,980",,,,,Non Bird,"$8,912,580"
254,233,Bobby Portis,MIL,"$4,347,600","$4,564,980",,,,,Non Bird,"$4,347,600"
255,234,Jarred Vanderbilt,MIN,"$4,259,259","$4,600,000","$4,940,741",,,,Bird,"$13,800,000"
256,235,Kevin Huerter,ATL,"$4,253,357","$14,508,929","$15,669,643","$16,830,357","$17,991,071",,1st Round Pick,"$69,253,357"
257,236,Devin Vassell,SAS,"$4,235,160","$4,437,000","$5,887,899",,,,1st Round Pick,"$8,672,160"
258,237,P.J. Washington,CHO,"$4,215,120","$5,808,435",,,,,1st Round Pick,"$10,023,555"
259,238,James Bouknight,CHO,"$4,154,400","$4,362,240","$4,570,080","$6,064,496",,,1st Round Pick,"$8,516,640"
260,239,Josh Okogie,MIN,"$4,087,904",,,,,,1st Round Pick,"$4,087,904"
261,240,Grayson Allen,MIL,"$4,054,695","$9,615,385","$10,384,615",,,,1st Round Pick,"$24,054,695"
262,,,,Salary,Salary,Salary,Salary,Salary,Salary,,
263,Rk,Player,Tm,2021-22,2022-23,2023-24,2024-25,2025-26,2026-27,Signed Using,Guaranteed
264,241,Tyrese Haliburton,IND,"$4,023,600","$4,215,120","$5,808,435",,,,1st Round Pick,"$8,238,720"
265,242,Tyler Herro,MIA,"$4,004,280","$5,722,116",,,,,1st Round Pick,"$9,726,396"
266,243,Dorian Finney-Smith,DAL,"$4,000,000","$12,402,000","$13,394,160","$14,386,320","$15,378,480",,Bird Rights,"$44,182,480"
267,244,Terence Davis,SAC,"$4,000,000","$4,000,000",,,,,Early Bird,"$8,000,000"
268,245,George Hill,MIL,"$4,000,000","$4,000,000",,,,,MLE,"$8,000,000"
269,246,Gorgui Dieng,ATL,"$4,000,000",,,,,,MLE,"$4,000,000"
270,247,Aaron Holiday,PHO,"$3,980,551",,,,,,1st Round Pick,"$3,980,551"
271,248,Joshua Primo,SAS,"$3,946,800","$4,144,320","$4,341,600","$5,982,725",,,1st Round Pick,"$8,091,120"
272,249,Jake Layman,MIN,"$3,940,184",,,,,,Sign and Trade,"$3,940,184"
273,250,Anfernee Simons,POR,"$3,938,818",,,,,,1st Round Pick,"$3,938,818"
274,251,Justise Winslow,POR,"$3,902,439","$4,097,561",,,,,Mini MLE,"$8,000,000"
275,252,Kira Lewis Jr.,NOP,"$3,822,240","$4,004,280","$5,722,116",,,,1st Round Pick,"$7,826,520"
276,253,Romeo Langford,SAS,"$3,804,360","$5,634,257",,,,,1st Round Pick,"$9,438,617"
277,254,Facundo Campazzo,DEN,"$3,804,150",,,,,,Bi-Annual Exception,"$3,804,150"
278,255,Landry Shamet,PHO,"$3,768,342","$9,598,214","$10,366,071","$11,133,929","$11,901,786",,1st Round Pick,"$46,768,342"
279,256,Chris Duarte,IND,"$3,749,520","$3,936,960","$4,124,280","$5,893,596",,,1st Round Pick,"$7,686,480"
280,257,Alex Len,SAC,"$3,731,707","$3,918,293",,,,,Bi-Annual Exception,"$7,650,000"
281,258,Robert Williams,BOS,"$3,661,976","$10,700,000","$11,556,000","$12,412,000","$13,268,000",,1st Round Pick,"$51,597,976"
282,259,Jevon Carter,BRK,"$4,107,149","$3,925,000",,,,,,"$7,575,000"
283,260,Aaron Nesmith,BOS,"$3,631,200","$3,804,360","$5,634,257",,,,1st Round Pick,"$7,435,560"
284,,,,Salary,Salary,Salary,Salary,Salary,Salary,,
285,Rk,Player,Tm,2021-22,2022-23,2023-24,2024-25,2025-26,2026-27,Signed Using,Guaranteed
286,261,Moses Moody,GSW,"$3,562,080","$3,740,160","$3,918,480","$5,803,269",,,1st Round Pick,"$7,302,240"
287,262,Boban Marjanović,DAL,"$3,500,000","$3,500,000",,,,,Early Bird,"$7,000,000"
288,263,Mike Muscala,OKC,"$3,500,000","$3,500,000",,,,,MLE,"$3,500,000"
289,264,Cole Anthony,ORL,"$3,449,400","$3,613,680","$5,539,771",,,,1st Round Pick,"$7,063,080"
290,265,Corey Kispert,WAS,"$3,383,640","$3,552,960","$3,722,040","$5,705,887",,,1st Round Pick,"$6,936,600"
291,266,Trey Burke,DAL,"$3,333,333","$3,492,063",,,,,MLE,"$3,333,333"
292,267,Georges Niang,PHI,"$3,300,000","$3,465,000",,,,,MLE,"$6,765,000"
293,268,Chuma Okeke,ORL,"$3,277,080","$3,433,320","$5,266,713",,,,1st Round Pick,"$6,710,400"
294,269,Isaiah Stewart,DET,"$3,277,080","$3,433,320","$5,266,713",,,,1st Round Pick,"$6,710,400"
295,270,Nickeil Alexander-Walker,UTA,"$3,261,480","$5,009,633",,,,,1st Round Pick,"$8,271,113"
296,271,Alperen Şengün,HOU,"$3,214,680","$3,375,480","$3,536,400","$5,424,838",,,1st Round Pick,"$6,590,160"
297,272,Nicolas Batum,LAC,"$12,213,507","$12,372,008",,,,,Non Bird,"$3,170,029"
298,273,Jon Leuer,MIL,"$3,169,347",,,,,,,"$3,169,347"
299,274,Aleksej Pokusevski,OKC,"$3,113,160","$3,261,480","$5,009,633",,,,1st Round Pick,"$6,374,640"
300,275,Goga Bitadze,IND,"$3,098,400","$4,765,339",,,,,1st Round Pick,"$7,863,739"
301,276,Trey Murphy III,NOP,"$3,053,760","$3,206,640","$3,359,280","$5,159,854",,,1st Round Pick,"$6,260,400"
302,277,Sterling Brown,DAL,"$3,000,000","$3,000,000",,,,,Bi-Annual Exception,"$6,000,000"
303,278,Michael Carter-Williams,ORL,"$3,000,000",,,,,,,"$3,000,000"
304,279,Frank Jackson,DET,"$3,000,000","$3,150,000",,,,,Cap Space,"$3,000,000"
305,280,Josh Green,DAL,"$2,957,520","$3,098,400","$4,765,339",,,,1st Round Pick,"$6,055,920"
306,,,,Salary,Salary,Salary,Salary,Salary,Salary,,
307,Rk,Player,Tm,2021-22,2022-23,2023-24,2024-25,2025-26,2026-27,Signed Using,Guaranteed
308,281,Tre Mann,OKC,"$2,901,240","$3,046,200","$3,191,280","$4,908,189",,,1st Round Pick,"$5,947,440"
309,282,Dewayne Dedmon,DET,"$5,256,308","$2,866,667","$2,866,667","$2,866,667",,,,"$11,466,668"
310,283,Andrew Nicholson,POR,"$2,844,429","$2,844,429","$2,844,429",,,,,"$8,533,287"
311,284,Matisse Thybulle,PHI,"$2,840,160","$4,379,527",,,,,1st Round Pick,"$7,219,687"
312,285,Saddiq Bey,DET,"$2,824,320","$2,959,080","$4,556,983",,,,1st Round Pick,"$5,783,400"
313,286,Kai Jones,CHO,"$2,770,560","$2,909,160","$3,047,760","$4,693,550",,,1st Round Pick,"$5,679,720"
314,287,Brandon Clarke,MEM,"$2,726,880","$4,343,920",,,,,1st Round Pick,"$7,070,800"
315,288,Precious Achiuwa,TOR,"$2,711,280","$2,840,160","$4,379,527",,,,1st Round Pick,"$5,551,440"
316,289,Jalen Johnson,ATL,"$2,659,560","$2,792,520","$2,925,480","$4,511,090",,,1st Round Pick,"$5,452,080"
317,290,Paul Millsap,PHI,"$2,641,691",,,,,,Minimum Salary,"$2,641,691"
318,291,E'Twaun Moore,ORL,"$2,641,691",,,,,,,"$2,641,691"
319,292,Udonis Haslem,MIA,"$2,641,691",,,,,,Minimum Salary,"$2,641,691"
320,293,Markieff Morris,MIA,"$2,641,691",,,,,,Minimum Salary,"$2,641,691"
321,294,Trevor Ariza,LAL,"$2,641,691",,,,,,,"$2,641,691"
322,295,DeAndre Jordan,LAL,"$11,109,327","$7,827,907",,,,,,"$2,641,691"
323,296,Dwight Howard,LAL,"$2,641,691",,,,,,Minimum Salary,"$2,641,691"
324,297,Wayne Ellington,LAL,"$2,641,691",,,,,,Minimum Salary,"$2,641,691"
325,298,Carmelo Anthony,LAL,"$2,641,691",,,,,,Minimum Salary,"$2,641,691"
326,299,Enes Freedom,HOU,"$2,641,691",,,,,,,"$2,641,691"
327,300,Andre Iguodala,GSW,"$2,641,691",,,,,,Minimum Salary,"$2,641,691"
328,,,,Salary,Salary,Salary,Salary,Salary,Salary,,
329,Rk,Player,Tm,2021-22,2022-23,2023-24,2024-25,2025-26,2026-27,Signed Using,Guaranteed
330,301,Rajon Rondo,CLE,"$2,641,691",,,,,,Minimum Salary,"$2,641,691"
331,302,James Johnson,BRK,"$2,641,691",,,,,,,"$2,641,691"
332,303,Blake Griffin,BRK,"$32,405,817",,,,,,Minimum Salary,"$2,641,691"
333,304,LaMarcus Aldridge,BRK,"$2,641,691",,,,,,Minimum Salary,"$2,641,691"
334,305,Avery Bradley,LAL,"$2,641,691",,,,,,,
335,306,Ed Davis,CLE,"$2,641,691",,,,,,,
336,307,Grant Williams,BOS,"$2,617,800","$4,306,281",,,,,1st Round Pick,"$6,924,081"
337,308,Tyrese Maxey,PHI,"$2,602,920","$2,726,880","$4,343,920",,,,1st Round Pick,"$5,329,800"
338,309,Keon Johnson,POR,"$2,553,120","$2,681,040","$2,808,720","$4,474,291",,,1st Round Pick,"$5,234,160"
339,310,Darius Bazley,OKC,"$2,513,040","$4,264,629",,,,,1st Round Pick,"$6,777,669"
340,311,Trey Lyles,SAC,"$2,500,000","$2,625,000",,,,,Cap Space,"$2,500,000"
341,312,Zeke Nnaji,DEN,"$2,498,760","$2,617,800","$4,306,281",,,,1st Round Pick,"$5,116,560"
342,313,Isaiah Jackson,IND,"$2,451,120","$2,573,760","$2,696,280","$4,435,381",,,1st Round Pick,"$5,024,880"
343,314,Ty Jerome,OKC,"$2,412,840","$4,220,057",,,,,1st Round Pick,"$6,632,897"
344,315,Hassan Whiteside,UTA,"$2,401,537",,,,,,Minimum Salary,"$2,401,537"
345,316,Kent Bazemore,LAL,"$2,401,537",,,,,,Minimum Salary,"$2,401,537"
346,317,Austin Rivers,DEN,"$2,401,537",,,,,,Minimum Salary,"$2,401,537"
347,318,Andre Drummond,BRK,"$2,401,537",,,,,,Minimum Salary,"$2,401,537"
348,319,Cory Joseph,DET,"$7,310,000","$5,155,000",,,,,,"$7,310,000"
349,320,Cody Zeller,POR,"$2,389,641",,,,,,,"$2,389,641"
350,,,,Salary,Salary,Salary,Salary,Salary,Salary,,
351,Rk,Player,Tm,2021-22,2022-23,2023-24,2024-25,2025-26,2026-27,Signed Using,Guaranteed
352,321,Ben McLemore,POR,"$2,389,641",,,,,,Minimum Salary,"$2,389,641"
353,322,Solomon Hill,NYK,"$2,389,641",,,,,,,"$2,389,641"
354,323,Tony Snell,NOP,"$2,389,641",,,,,,Minimum Salary,"$2,389,641"
355,324,Victor Oladipo,MIA,"$2,389,641",,,,,,Minimum Salary,"$2,389,641"
356,325,Dewayne Dedmon,MIA,"$5,256,308","$2,866,667","$2,866,667","$2,866,667",,,Minimum Salary,"$2,389,641"
357,326,Otto Porter Jr.,GSW,"$2,389,641",,,,,,Minimum Salary,"$2,389,641"
358,327,Leandro Bolmaro,MIN,"$2,353,320","$2,471,160","$2,588,400","$4,392,515",,,1st Round Pick,"$4,824,480"
359,328,Usman Garuba,HOU,"$2,353,320","$2,471,160","$2,588,400","$4,392,515",,,1st Round Pick,"$4,824,480"
360,329,Willy Hernangómez,NOP,"$2,327,220","$2,443,581","$2,559,942",,,,Non Bird,"$4,770,801"
361,330,Nassir Little,POR,"$2,316,240","$4,171,548",,,,,1st Round Pick,"$6,487,788"
362,331,R.J. Hampton,ORL,"$2,303,040","$2,412,840","$4,220,057",,,,1st Round Pick,"$4,715,880"
363,332,Josh Christopher,HOU,"$2,259,240","$2,372,160","$2,485,200","$4,346,615",,,1st Round Pick,"$4,631,400"
364,333,Monta Ellis,IND,"$2,245,400",,,,,,,"$2,245,400"
365,334,Elfrid Payton,PHO,"$2,239,544",,,,,,Minimum Salary,"$2,239,544"
366,335,Rodney Hood,LAC,"$2,239,544",,,,,,Minimum Salary,"$2,239,544"
367,336,Dylan Windler,CLE,"$2,239,200","$4,037,278",,,,,1st Round Pick,"$6,276,478"
368,337,Immanuel Quickley,NYK,"$2,210,640","$2,316,240","$4,171,548",,,,1st Round Pick,"$4,526,880"
369,338,John Konchar,MEM,"$2,197,674","$2,302,326","$2,406,977",,,,MLE,"$6,906,977"
370,339,Quentin Grimes,NYK,"$2,168,760","$2,277,000","$2,385,720","$4,296,682",,,1st Round Pick,"$4,445,760"
371,340,Jordan Poole,GSW,"$2,161,440","$3,901,399",,,,,1st Round Pick,"$6,062,839"
372,,,,Salary,Salary,Salary,Salary,Salary,Salary,,
373,Rk,Player,Tm,2021-22,2022-23,2023-24,2024-25,2025-26,2026-27,Signed Using,Guaranteed
374,341,Bol Bol,ORL,"$2,161,152",,,,,,MLE,"$2,161,152"
375,342,Keldon Johnson,SAS,"$2,145,720","$3,873,025",,,,,1st Round Pick,"$6,018,745"
376,343,Payton Pritchard,BOS,"$2,137,440","$2,239,200","$4,037,278",,,,1st Round Pick,"$4,376,640"
377,344,Kevin Porter Jr.,HOU,"$2,130,240","$3,845,083",,,,,1st Round Pick,"$5,975,323"
378,345,Bones Hyland,DEN,"$2,096,880","$2,201,400","$2,306,400","$4,158,439",,,1st Round Pick,"$4,298,280"
379,346,Raul Neto,WAS,"$2,089,448",,,,,,Minimum Salary,"$2,089,448"
380,347,Frank Kaminsky,PHO,"$2,089,448",,,,,,,"$2,089,448"
381,348,Nemanja Bjelica,GSW,"$2,089,448",,,,,,Minimum Salary,"$2,089,448"
382,349,Udoka Azubuike,UTA,"$2,075,880","$2,174,880","$3,923,484",,,,1st Round Pick,"$4,250,760"
383,350,Jaden McDaniels,MIN,"$2,063,280","$2,161,440","$3,901,399",,,,1st Round Pick,"$4,224,720"
384,351,Malachi Flynn,TOR,"$2,048,040","$2,145,720","$3,873,025",,,,1st Round Pick,"$4,193,760"
385,352,Cam Thomas,BRK,"$2,036,280","$2,138,160","$2,240,040","$4,041,032",,,1st Round Pick,"$4,174,440"
386,353,Desmond Bane,MEM,"$2,033,160","$2,130,240","$3,845,083",,,,1st Round Pick,"$4,163,400"
387,354,Jaden Springer,PHI,"$2,023,800","$2,125,200","$2,226,360","$4,018,580",,,1st Round Pick,"$4,149,000"
388,355,Day'Ron Sharpe,BRK,"$2,009,040","$2,109,360","$2,210,160","$3,989,339",,,1st Round Pick,"$4,118,400"
389,356,Jeremiah Robinson-Earl,OKC,"$2,000,000","$2,000,000","$1,900,000","$1,988,598",,,MLE,"$4,000,000"
390,357,Killian Tillie,MEM,"$2,000,000","$2,000,000",,,,,Room Exception,"$4,000,000"
391,358,Abdel Nader,PHO,"$2,000,000",,,,,,,"$2,000,000"
392,359,Théo Maledon,OKC,"$2,000,000","$1,900,000","$1,930,681",,,,MLE,"$2,000,000"
393,360,Kenrich Williams,OKC,"$2,000,000","$2,000,000",,,,,,
394,,,,Salary,Salary,Salary,Salary,Salary,Salary,,
395,Rk,Player,Tm,2021-22,2022-23,2023-24,2024-25,2025-26,2026-27,Signed Using,Guaranteed
396,361,Santi Aldama,MEM,"$1,994,520","$2,094,240","$2,194,200","$3,960,531",,,1st Round Pick,"$4,088,760"
397,362,Damian Jones,SAC,"$1,977,011",,,,,,,
398,363,Wesley Matthews,MIL,"$1,958,501",,,,,,,
399,364,Rodney McGruder,DET,"$1,939,350",,,,,,Minimum Salary,"$1,939,350"
400,365,DeAndre' Bembry,BRK,"$2,541,217",,,,,,,"$1,939,350"
401,366,Gary Payton II,GSW,"$1,939,350",,,,,,Minimum Salary,"$350,000"
402,367,Timothé Luwawu-Cabarrot,ATL,"$1,939,350",,,,,,,
403,368,PJ Dozier,ORL,"$1,910,860",,,,,,,"$1,910,860"
404,369,Damion Lee,GSW,"$1,910,860",,,,,,,
405,370,Larry Sanders,MIL,"$1,865,547",,,,,,,"$1,865,547"
406,371,Shake Milton,PHI,"$1,846,738","$1,997,718",,,,,Cap Space,"$1,846,738"
407,372,Mitchell Robinson,NYK,"$1,802,057",,,,,,MLE,"$1,802,057"
408,373,Jalen Brunson,DAL,"$1,802,057",,,,,,,
409,374,Dennis Smith Jr.,POR,"$1,789,256",,,,,,,"$1,789,256"
410,375,Malik Monk,LAL,"$1,789,256",,,,,,Minimum Salary,"$1,789,256"
411,376,Semi Ojeleye,LAC,"$1,789,256",,,,,,,"$1,789,256"
412,377,Frank Ntilikina,DAL,"$1,789,256","$2,036,318",,,,,Minimum Salary,"$1,789,256"
413,378,Tony Bradley,CHI,"$1,789,256","$2,036,318",,,,,Minimum Salary,"$1,789,256"
414,379,Didi Louzada,POR,"$1,786,878","$1,876,222","$1,965,566","$2,057,646",,,Non Bird,"$3,663,100"
415,380,Daniel Gafford,WAS,"$1,782,621","$1,930,681","$12,402,000","$13,394,160","$14,386,320",,Minimum Salary,"$43,895,782"
416,,,,Salary,Salary,Salary,Salary,Salary,Salary,,
417,Rk,Player,Tm,2021-22,2022-23,2023-24,2024-25,2025-26,2026-27,Signed Using,Guaranteed
418,381,Terance Mann,LAC,"$1,782,621","$1,930,681","$10,576,923","$11,423,077",,,Minimum Salary,"$25,713,302"
419,382,Eric Paschall,UTA,"$1,782,621",,,,,,MLE,"$1,782,621"
420,383,KZ Okpala,OKC,"$1,782,621",,,,,,,"$1,782,621"
421,384,Carsen Edwards,MEM,"$76,744","$1,815,677",,,,,,"$1,782,621"
422,385,Bruno Fernando,HOU,"$1,782,621",,,,,,Cap space,"$1,782,621"
423,386,Cody Martin,CHO,"$1,782,621",,,,,,MLE,"$1,782,621"
424,387,Nic Claxton,BRK,"$1,782,621",,,,,,Minimum Salary,"$1,782,621"
425,388,Luguentz Dort,OKC,"$1,782,621","$1,930,681",,,,,Minimum Salary,"$625,000"
426,389,Isaiah Roby,OKC,"$1,782,621","$1,930,681",,,,,,
427,390,Jaylen Nowell,MIN,"$1,782,621","$1,930,681",,,,,,
428,391,Naz Reid,MIN,"$1,782,621","$1,930,681",,,,,,
429,392,Vlatko Čančar,DEN,"$1,782,621",,,,,,,
430,393,Dean Wade,CLE,"$1,782,621","$1,930,681",,,,,,
431,394,Jalen McDaniels,CHO,"$1,782,621","$1,930,681",,,,,,
432,395,Drew Eubanks,TOR,"$1,762,796",,,,,,,"$1,762,796"
433,396,Chimezie Metu,SAC,"$1,762,796","$1,910,860",,,,,,
434,397,Yuta Watanabe,TOR,"$1,762,769",,,,,,,
435,398,Svi Mykhailiuk,TOR,"$1,729,217","$1,878,720",,,,,Minimum Salary,"$1,729,217"
436,399,Keita Bates-Diop,SAS,"$1,729,217","$1,878,720",,,,,Minimum Salary,"$1,729,217"
437,400,Moritz Wagner,ORL,"$1,729,217","$1,878,720",,,,,Minimum Salary,"$1,729,217"
438,,,,Salary,Salary,Salary,Salary,Salary,Salary,,
439,Rk,Player,Tm,2021-22,2022-23,2023-24,2024-25,2025-26,2026-27,Signed Using,Guaranteed
440,401,Thanasis Antetokounmpo,MIL,"$1,729,217","$1,878,720",,,,,Minimum Salary,"$1,729,217"
441,402,Isaac Bonga,TOR,"$1,729,217",,,,,,,
442,403,Isaiah Hartenstein,LAC,"$3,430,810",,,,,,,
443,404,Juan Toscano-Anderson,GSW,"$1,701,593",,,,,,Minimum Salary,"$1,701,593"
444,405,Moses Brown,DAL,"$1,720,779",,,,,,,"$1,701,593"
445,406,Oshae Brissett,IND,"$1,701,593","$1,846,738",,,,,,
446,407,Isaiah Hartenstein,CLE,"$3,430,810",,,,,,,
447,408,Herbert Jones,NOP,"$1,700,000","$1,785,000","$1,836,096",,,,MLE,"$3,485,000"
448,409,Gabriel Deck,OKC,"$1,690,507",,,,,,Cap Space,"$1,690,507"
449,410,Jordan McLaughlin,MIN,"$1,669,178","$1,815,677","$1,968,182",,,,Early Bird,"$5,453,037"
450,411,Javonte Green,CHI,"$1,669,178","$1,815,677",,,,,Minimum Salary,"$3,484,855"
451,412,Max Strus,MIA,"$1,669,178","$1,815,677",,,,,Minimum Salary,"$1,669,178"
452,413,Gabe Vincent,MIA,"$1,669,178","$1,815,677",,,,,Minimum Salary,"$1,669,178"
453,414,Kevin Pangos,CLE,"$1,669,178",,,,,,,"$1,669,178"
454,415,Matt Thomas,CHI,"$1,669,178",,,,,,Minimum Salary,"$1,669,178"
455,416,Vernon Carey Jr.,WAS,"$1,517,981","$1,782,621","$1,930,681",,,,Cap Space,"$3,300,602"
456,417,Xavier Tillman Sr.,MEM,"$1,517,981","$1,782,621","$1,930,681",,,,MLE,"$3,300,602"
457,418,Tyrell Terry,DAL,"$1,517,981","$1,782,621",,,,,,"$3,300,602"
458,419,Tre Jones,SAS,"$1,517,981","$1,782,621",,,,,MLE,"$1,517,981"
459,420,Robert Woodard II,SAC,"$1,517,981",,,,,,,"$1,517,981"
460,,,,Salary,Salary,Salary,Salary,Salary,Salary,,
461,Rk,Player,Tm,2021-22,2022-23,2023-24,2024-25,2025-26,2026-27,Signed Using,Guaranteed
462,421,Jahmi'us Ramsey,SAC,"$1,517,981",,,,,,,"$1,517,981"
463,422,CJ Elleby,POR,"$1,517,981",,,,,,Minimum Salary,"$1,517,981"
464,423,Elijah Hughes,POR,"$1,517,981",,,,,,Minimum Salary,"$1,517,981"
465,424,Isaiah Joe,PHI,"$1,517,981","$1,782,621",,,,,MLE,"$1,517,981"
466,425,Naji Marshall,NOP,"$1,517,981","$1,782,621","$1,930,681",,,,MLE,"$1,517,981"
467,426,Jordan Nwora,MIL,"$1,517,981",,,,,,Minimum Salary,"$1,517,981"
468,427,Nick Richards,CHO,"$1,517,981","$1,782,621",,,,,Cap Space,"$1,517,981"
469,428,Anthony Gill,WAS,"$1,517,981",,,,,,,
470,429,Paul Reed,PHI,"$1,517,981","$1,782,621",,,,,,
471,430,Kenyon Martin Jr.,HOU,"$1,517,981","$1,782,621","$1,930,681",,,,,
472,431,Jae'Sean Tate,HOU,"$1,517,981","$1,782,621",,,,,,
473,432,Lamar Stevens,CLE,"$1,517,981","$1,782,621","$1,930,681",,,,,
474,433,Isaiah Todd,WAS,"$1,500,000","$1,563,518","$1,836,096","$1,988,598",,,MLE,"$4,899,614"
475,434,Jose Alvarado,NOP,"$1,500,000","$1,563,518","$1,836,096","$1,988,598",,,MLE,"$3,063,518"
476,435,Saben Lee,DET,"$1,489,065","$1,752,638","$1,902,137",,,,Cap Space,"$3,241,703"
477,436,Omer Yurtseven,MIA,"$1,489,065","$1,752,638",,,,,Minimum Salary,"$1,489,065"
478,437,Armoni Brooks,HOU,"$1,625,991","$1,752,638",,,,,,"$1,489,065"
479,438,J.R. Smith,CLE,"$1,456,666",,,,,,,"$1,456,666"
480,439,Danuel House Jr.,HOU,"$2,045,094",,,,,,,"$1,387,498"
481,440,Bismack Biyombo,PHO,"$1,366,392",,,,,,Minimum Salary,"$1,518,213"
482,,,,Salary,Salary,Salary,Salary,Salary,Salary,,
483,Rk,Player,Tm,2021-22,2022-23,2023-24,2024-25,2025-26,2026-27,Signed Using,Guaranteed
484,441,George Hill,PHI,"$4,000,000","$4,000,000",,,,,,"$1,275,491"
485,442,DeMarre Carroll,SAS,"$1,252,127",,,,,,,"$1,252,127"
486,443,JT Thor,CHO,"$1,250,000","$1,563,518","$1,836,096","$1,988,598",,,Cap Space,"$2,813,518"
487,444,Garrison Mathews,HOU,"$1,093,598","$1,815,677","$1,968,182","$2,230,253",,,Cap Space,"$1,093,598"
488,445,Alfonzo McKinnie,CHI,"$1,090,007",,,,,,,"$1,292,183"
489,446,Jabari Parker,BOS,"$1,068,288",,,,,,,"$1,168,288"
490,447,Jason Preston,LAC,"$1,062,303","$1,563,518","$1,836,096",,,,Mini MLE,"$2,625,821"
491,448,Isaiah Livers,DET,"$1,057,260","$1,563,518","$1,836,096",,,,Cap Space,"$2,620,778"
492,449,Guerschon Yabusele,BOS,"$1,039,080",,,,,,,"$1,039,080"
493,450,Aaron Wiggins,OKC,"$1,000,000","$1,563,518","$1,836,096","$1,988,598",,,Cap Space,"$1,000,000"
494,451,Tristan Thompson,CHI,"$10,720,900",,,,,,Bi-Annual Exception,"$1,000,000"
495,452,Kyle Singler,OKC,"$999,200","$999,200",,,,,,"$1,998,400"
496,453,Marquese Chriss,DAL,"$958,529","$2,193,920",,,,,Minimum Salary,"$3,486,820"
497,454,Jared Butler,UTA,"$925,258","$1,563,518",,,,,Minimum Salary,"$2,488,776"
498,455,Greg Brown III,POR,"$925,258","$1,563,518","$1,836,096",,,,Mini MLE,"$2,488,776"
499,456,Miles McBride,NYK,"$925,258","$1,563,518","$1,836,096",,,,Cap Space,"$2,488,776"
500,457,Brandon Boston Jr.,LAC,"$925,258","$1,563,518","$1,836,096",,,,Mini MLE,"$2,488,776"
501,458,Marko Simonovic,CHI,"$925,258","$1,563,518","$1,836,096",,,,MLE,"$2,488,776"
502,459,Vit Krejci,OKC,"$925,258","$1,563,518","$1,836,096","$1,988,598",,,MLE,"$1,707,017"
503,460,Charles Bassey,PHI,"$925,258","$1,563,518","$1,836,096",,,,MLE,"$1,000,000"
504,,,,Salary,Salary,Salary,Salary,Salary,Salary,,
505,Rk,Player,Tm,2021-22,2022-23,2023-24,2024-25,2025-26,2026-27,Signed Using,Guaranteed
506,461,Dalano Banton,TOR,"$925,258","$1,563,518",,,,,Minimum Salary,"$925,258"
507,462,Jock Landale,SAS,"$925,258","$1,563,518",,,,,Minimum Salary,"$925,258"
508,463,Ayo Dosunmu,CHI,"$925,258","$1,563,518",,,,,Minimum Salary,"$925,258"
509,464,Austin Reaves,LAL,"$925,258",,,,,,,
510,465,Luka Garza,DET,"$925,258",,,,,,,
511,466,Lance Stephenson,IND,"$924,730",,,,,,Minimum Salary,"$1,476,806"
512,467,Stanley Johnson,LAL,"$888,616","$2,351,521",,,,,Minimum Salary,"$1,248,865"
513,468,Miye Oni,OKC,"$850,331",,,,,,,"$850,331"
514,469,Wayne Selden,NYK,"$785,102",,,,,,,"$785,102"
515,470,Goran Dragić,BRK,"$20,168,742",,,,,,Minimum Salary,"$728,742"
516,471,Brad Wanamaker,IND,"$705,598",,,,,,,"$705,598"
517,472,Alize Johnson,CHI,"$705,598",,,,,,,"$705,598"
518,473,DeMarcus Cousins,DEN,"$1,290,481",,,,,,Minimum Salary,"$1,138,659"
519,474,Shaun Livingston,GSW,"$666,666",,,,,,,"$666,666"
520,475,Sam Merrill,MEM,"$663,024",,,,,,Minimum Salary,"$663,024"
521,476,Danuel House Jr.,UTA,"$2,045,094",,,,,,Minimum Salary,"$991,967"
522,477,D.J. Augustin,LAL,"$7,622,467","$333,333",,,,,Minimum Salary,"$622,467"
523,478,DeMarcus Cousins,MIL,"$1,290,481",,,,,,,"$607,285"
524,479,Luke Kornet,BOS,"$606,702",,,,,,Minimum Salary,"$606,702"
525,480,DeAndre' Bembry,MIL,"$2,541,217",,,,,,,"$601,867"
526,,,,Salary,Salary,Salary,Salary,Salary,Salary,,
527,Rk,Player,Tm,2021-22,2022-23,2023-24,2024-25,2025-26,2026-27,Signed Using,Guaranteed
528,481,DeAndre Jordan,PHI,"$11,109,327","$7,827,907",,,,,Minimum Salary,"$592,103"
529,482,Ryan Arcidiacono,NYK,"$586,136",,,,,,Minimum Salary,"$791,798"
530,483,Keifer Sykes,IND,"$558,345",,,,,,,"$558,345"
531,484,Caleb Martin,MIA,"$527,614",,,,,,Minimum Salary,"$527,614"
532,485,Tomáš Satoranský,WAS,"$10,468,119",,,,,,Minimum Salary,"$468,119"
533,486,Georgios Kalaitzakis,MIL,"$462,629",,,,,,,"$462,629"
534,487,Jevon Carter,MIL,"$4,107,149","$3,925,000",,,,,Minimum Salary,"$457,149"
535,488,Gary Clark,NOP,"$377,645",,,,,,,"$377,645"
536,489,Devontae Cacok,SAS,"$364,533",,,,,,Minimum Salary,"$364,533"
537,490,Sam Dekker,TOR,"$350,000",,,,,,,"$350,000"
538,491,Sam Hauser,BOS,"$313,737","$1,563,518",,,,,Minimum Salary,"$313,737"
539,492,Admiral Schofield,OKC,,,,,,,,"$300,000"
540,493,Daishen Nix,HOU,"$292,466","$1,563,518","$1,836,096","$1,988,598",,,Minimum Salary,"$5,680,678"
541,494,Haywood Highsmith,MIA,"$290,967","$1,752,638","$1,902,137",,,,MLE,"$547,701"
542,495,Isaiah Thomas,CHO,"$276,039",,,,,,Minimum Salary,"$552,077"
543,496,Trendon Watford,POR,"$260,561","$1,563,518","$1,836,096","$1,988,598",,,MLE,"$5,648,773"
544,497,Ish Wainright,TOR,"$8,558",,,,,,,"$375,000"
545,498,Malik Fitts,BOS,"$231,062","$1,752,638",,,,,Minimum Salary,"$402,218"
546,499,Joe Wieskamp,SAS,"$202,068",,,,,,Minimum Salary,"$202,068"
547,500,Amir Coffey,LAC,"$153,488",,,,,,Minimum Salary,"$153,488"
548,,,,Salary,Salary,Salary,Salary,Salary,Salary,,
549,Rk,Player,Tm,2021-22,2022-23,2023-24,2024-25,2025-26,2026-27,Signed Using,Guaranteed
550,501,Bismack Biyombo,PHO,"$1,366,392",,,,,,,"$1,518,213"
551,502,DeMarcus Cousins,DEN,"$1,290,481",,,,,,,"$1,138,659"
552,503,DeMarcus Cousins,DEN,"$1,290,481",,,,,,,"$1,138,659"
553,504,DeMarcus Cousins,DEN,"$1,290,481",,,,,,,"$1,138,659"
554,505,Lance Stephenson,IND,"$924,730",,,,,,,"$1,476,806"
555,506,Lance Stephenson,IND,"$924,730",,,,,,,"$1,476,806"
556,507,Lance Stephenson,IND,"$924,730",,,,,,,"$1,476,806"
557,508,Lance Stephenson,IND,"$924,730",,,,,,,"$1,476,806"
558,509,Isaiah Thomas,CHO,"$276,039",,,,,,,"$552,077"
559,510,Isaiah Thomas,CHO,"$276,039",,,,,,,"$552,077"
560,511,Brandon Knight,DAL,,,,,,,,"$276,038"
561,512,Brandon Knight,DAL,,,,,,,,"$276,038"
562,513,Greg Monroe,MIN,"$55,208",,,,,,,"$193,227"
563,514,Greg Monroe,WAS,"$55,208",,,,,,,"$138,019"
564,515,Greg Monroe,UTA,"$55,208",,,,,,,"$138,019"
565,516,Greg Monroe,MIL,"$55,208",,,,,,,"$138,019"
566,517,Isaiah Thomas,DAL,"$276,039",,,,,,,"$138,019"
567,518,Lance Stephenson,ATL,"$924,730",,,,,,,"$138,019"
568,519,Armoni Brooks,TOR,"$1,625,991","$1,752,638",,,,,Minimum Salary,"$308,082"
569,520,Isaiah Thomas,LAL,"$276,039",,,,,,,"$135,680"
570,,,,Salary,Salary,Salary,Salary,Salary,Salary,,
571,Rk,Player,Tm,2021-22,2022-23,2023-24,2024-25,2025-26,2026-27,Signed Using,Guaranteed
572,521,Troy Williams,HOU,"$122,741","$122,741",,,,,,"$245,482"
573,522,Stanley Johnson,LAL,"$888,616","$2,351,521",,,,,,"$1,248,865"
574,523,Stanley Johnson,LAL,"$888,616","$2,351,521",,,,,,"$1,248,865"
575,524,Stanley Johnson,LAL,"$888,616","$2,351,521",,,,,,"$1,248,865"
576,525,Stanley Johnson,CHI,"$888,616","$2,351,521",,,,,,"$120,083"
577,526,Marquese Chriss,DAL,"$958,529","$2,193,920",,,,,,"$3,486,820"
578,527,Marquese Chriss,DAL,"$958,529","$2,193,920",,,,,,"$3,486,820"
579,528,Marquese Chriss,DAL,"$958,529","$2,193,920",,,,,,"$3,486,820"
580,529,Danuel House Jr.,UTA,"$2,045,094",,,,,,,"$991,967"
581,530,Danuel House Jr.,UTA,"$2,045,094",,,,,,,"$991,967"
582,531,Danuel House Jr.,UTA,"$2,045,094",,,,,,,"$991,967"
583,532,Danuel House Jr.,NYK,"$2,045,094",,,,,,,"$111,457"
584,533,Nik Stauskas,MIA,,,,,,,,"$111,457"
585,534,Ryan Arcidiacono,NYK,"$586,136",,,,,,,"$791,798"
586,535,Ryan Arcidiacono,NYK,"$586,136",,,,,,,"$791,798"
587,536,Luke Kornet,MIL,"$606,702",,,,,,,"$102,831"
588,537,Luke Kornet,CLE,"$606,702",,,,,,,"$102,831"
589,538,Alfonzo McKinnie,CHI,"$1,090,007",,,,,,,"$1,292,183"
590,539,Alfonzo McKinnie,CHI,"$1,090,007",,,,,,,"$1,292,183"
591,540,Jabari Parker,BOS,"$1,068,288",,,,,,,"$1,168,288"
592,,,,Salary,Salary,Salary,Salary,Salary,Salary,,
593,Rk,Player,Tm,2021-22,2022-23,2023-24,2024-25,2025-26,2026-27,Signed Using,Guaranteed
594,541,Devin Cannady,ORL,"$100,000","$1,752,638","$1,902,137",,,,MLE,"$185,578"
595,542,Drew Eubanks,POR,"$1,762,796",,,,,,,"$496,900"
596,543,Drew Eubanks,POR,"$1,762,796",,,,,,,"$496,900"
597,544,Drew Eubanks,POR,"$1,762,796",,,,,,,"$496,900"
598,545,Drew Eubanks,POR,"$1,762,796",,,,,,,"$496,900"
599,546,Drew Eubanks,POR,"$1,762,796",,,,,,,"$496,900"
600,547,Alize Johnson,NOP,"$705,598",,,,,,,"$198,760"
601,548,Alize Johnson,NOP,"$705,598",,,,,,,"$198,760"
602,549,Wenyen Gabriel,LAC,"$29,814","$1,878,720",,,,,,"$198,760"
603,550,Wenyen Gabriel,LAC,"$29,814","$1,878,720",,,,,,"$198,760"
604,551,Theo Pinson,DAL,,,,,,,,"$197,076"
605,552,Brad Wanamaker,WAS,"$705,598",,,,,,,"$99,380"
606,553,Alize Johnson,WAS,"$705,598",,,,,,,"$99,380"
607,554,Wenyen Gabriel,NOP,"$29,814","$1,878,720",,,,,,"$99,380"
608,555,Brandon Goodwin,CLE,,,,,,,,"$99,380"
609,556,Wenyen Gabriel,BRK,"$29,814","$1,878,720",,,,,,"$99,380"
610,557,Theo Pinson,DAL,,,,,,,,"$197,076"
611,558,Davon Reed,DEN,,,,,,,,"$286,164"
612,559,Davon Reed,DEN,,,,,,,,"$286,164"
613,560,Moses Brown,CLE,"$1,720,779",,,,,,,"$211,046"
614,,,,Salary,Salary,Salary,Salary,Salary,Salary,,
615,Rk,Player,Tm,2021-22,2022-23,2023-24,2024-25,2025-26,2026-27,Signed Using,Guaranteed
616,561,Moses Brown,CLE,"$1,720,779",,,,,,,"$211,046"
617,562,Kelan Martin,BOS,,,,,,,,"$191,860"
618,563,Kelan Martin,BOS,,,,,,,,"$191,860"
619,564,Juwan Morgan,BOS,"$19,186","$1,815,677",,,,,,"$115,116"
620,565,Juwan Morgan,TOR,"$19,186","$1,815,677",,,,,,"$95,930"
621,566,Charlie Brown Jr.,PHI,,,,,,,,"$95,930"
622,567,Miye Oni,NOP,"$850,331",,,,,,,"$95,930"
623,568,Jared Harper,NOP,,,,,,,,"$95,930"
624,569,Rayjon Tucker,MIN,"$28,779","$1,815,677","$1,968,182",,,,,"$95,930"
625,570,Quinndary Weatherspoon,GSW,,,,,,,,"$95,930"
626,571,Rayjon Tucker,DEN,"$28,779","$1,815,677","$1,968,182",,,,,"$95,930"
627,572,Charlie Brown Jr.,DAL,,,,,,,,"$95,930"
628,573,Davon Reed,DEN,,,,,,,,"$286,164"
629,574,Demetrius Jackson,BOS,"$92,857","$92,857","$92,857",,,,,"$278,571"
630,575,Haywood Highsmith,MIA,"$290,967","$1,752,638","$1,902,137",,,,,"$547,701"
631,576,Haywood Highsmith,MIA,"$290,967","$1,752,638","$1,902,137",,,,,"$547,701"
632,577,Haywood Highsmith,MIA,"$290,967","$1,752,638","$1,902,137",,,,,"$547,701"
633,578,Malik Fitts,BOS,"$231,062","$1,752,638",,,,,,"$402,218"
634,579,Malik Fitts,BOS,"$231,062","$1,752,638",,,,,,"$402,218"
635,580,Armoni Brooks,TOR,"$1,625,991","$1,752,638",,,,,,"$308,082"
636,,,,Salary,Salary,Salary,Salary,Salary,Salary,,
637,Rk,Player,Tm,2021-22,2022-23,2023-24,2024-25,2025-26,2026-27,Signed Using,Guaranteed
638,581,Armoni Brooks,TOR,"$1,625,991","$1,752,638",,,,,,"$308,082"
639,582,Devin Cannady,ORL,"$100,000","$1,752,638","$1,902,137",,,,,"$185,578"
640,583,Admiral Schofield,ORL,,,,,,,,"$169,706"
641,584,Anthony Lamb,SAS,,,,,,,,"$85,578"
642,585,Tyrell Terry,MEM,"$1,517,981","$1,782,621",,,,,,"$85,578"
643,586,Nate Hinton,IND,,,,,,,,"$85,578"
644,587,Admiral Schofield,ORL,,,,,,,,"$169,706"
645,588,Carsen Edwards,DET,"$76,744","$1,815,677",,,,,Minimum Salary,"$76,744"
646,589,RJ Nembhard Jr.,CLE,"$58,493",,,,,,,"$58,493"
647,590,Greg Monroe,MIN,"$55,208",,,,,,Minimum Salary,"$193,227"
648,591,Xavier Moon,LAC,,,,,,,,"$159,528"
649,592,Xavier Moon,LAC,,,,,,,,"$159,528"
650,593,Xavier Moon,LAC,,,,,,,,"$159,528"
651,594,Mac McClung,CHI,,,,,,,,"$106,352"
652,595,Mac McClung,CHI,,,,,,,,"$106,352"
653,596,Jordan Schakel,WAS,,,,,,,,"$53,176"
654,597,Brandon Williams,POR,,,,,,,,"$53,176"
655,598,Braxton Key,PHI,,,,,,,,"$53,176"
656,599,Georgios Kalaitzakis,OKC,"$462,629",,,,,,,"$53,176"
657,600,Feron Hunt,NOP,,,,,,,,"$53,176"
658,,,,Salary,Salary,Salary,Salary,Salary,Salary,,
659,Rk,Player,Tm,2021-22,2022-23,2023-24,2024-25,2025-26,2026-27,Signed Using,Guaranteed
660,601,Xavier Sneed,MEM,,,,,,,,"$53,176"
661,602,Moses Wright,LAC,,,,,,,,"$53,176"
662,603,Braxton Key,DET,,,,,,,,"$53,176"
663,604,Malcolm Hill,CHI,,,,,,,,"$53,176"
664,605,Chaundee Brown Jr.,ATL,,,,,,,,"$53,176"
665,606,Malcolm Hill,ATL,,,,,,,,"$53,176"
666,607,Luca Vildoza,MIL,"$51,347","$1,752,638",,,,,Minimum Salary,"$51,347"
667,608,Skylar Mays,ATL,"$34,231",,,,,,Minimum Salary,"$34,231"
668,609,Wenyen Gabriel,LAL,"$29,814","$1,878,720",,,,,Minimum Salary,"$29,814"
669,610,Rayjon Tucker,MIL,"$28,779","$1,815,677","$1,968,182",,,,MLE,"$28,779"
670,611,Terry Taylor,IND,"$21,270","$1,563,518",,,,,Minimum Salary,"$21,270"
671,612,Duane Washington Jr.,IND,"$21,270","$1,563,518",,,,,Minimum Salary,"$21,270"
672,613,Moses Brown,CLE,"$1,720,779",,,,,,Minimum Salary,"$211,046"
673,614,Juwan Morgan,BOS,"$19,186","$1,815,677",,,,,Minimum Salary,"$115,116"
674,615,Trent Forrest,UTA,"$8,558",,,,,,Minimum Salary,"$8,558"
675,616,Ish Wainright,PHO,"$8,558",,,,,,Minimum Salary,"$8,558"
676,617,Kessler Edwards,BRK,"$5,318","$1,563,518",,,,,Minimum Salary,"$5,318"
